<?xml version="1.0" encoding="UTF-8" standalone="yes"?>
<addon id="plugin.video.scorpium" name="Scorpium Media" version="0.0.1" provider-name="Scorpium">
	<requires>
		<import addon="xbmc.python" version="2.19.0" />
        <import addon="script.module.python.koding.aio" version="0.0.1"/>
	</requires>
	<extension point="xbmc.python.pluginsource" library="default.py">
		<provides>video</provides>
	</extension>
	<extension point="xbmc.addon.metadata">
		<summary lang="en">IPTV - Filmes - Radios</summary>
		<description lang="en">IPTV links coletados na internet e filmes que baixei.</description>
		<platform>all</platform>
		<forum>http://www.noobsandnerds.com/support</forum>
		<website>www.noobsandnerds.com</website>
		<news></news>
		<genre>documentary,food,howto,livetv,movies,music,radio,brazilian,french,uk</genre>
		<video_guide></video_guide>
		<video_preview></video_preview>
	</extension>
</addon>
